pred_linear,pred_logistic
1074.2409533266052,1
1123.3550640307333,1
1197.1558482889632,1
1118.252444965006,1
907.1021693719927,1
1203.2336248785905,1
847.9035594849456,1
741.8426544624637,1
970.8148461372408,1
1078.933966426824,1
1337.9046084513868,1
1036.6270994393917,1
1028.8716535924443,1
1048.33890666606,1
1192.1292019567459,1
1179.4975947686974,1
960.1154132812028,1
809.7788020983232,1
1178.076783369359,1
1422.6033216556048,1
953.1862709428704,1
,0
1165.9692912992384,1
978.4507928637786,1
707.8004525067315,0
808.3257323739364,1
1214.6272273555887,1
1130.3395539943147,1
1311.702933276699,1
970.1020619226921,1
1184.0268029411304,1
1281.460433159537,1
1180.1794118184512,1
1096.2749127637403,1
1094.6135803158759,1
1002.3801936649058,1
1024.9900789551652,1
1149.1304680529504,1
1184.5367248402742,1
892.9886271012371,1
1361.657088630728,1
986.9182503394909,1
28.026926924349027,0
909.8349613933515,1
861.0551278294631,1
933.2964185134235,1
1018.4661894991796,1
1272.532603083525,1
931.3814712404178,1
1197.2238764832523,1
1151.2848813160076,1
803.8374132731358,1
1581.8216425509954,1
1114.8553452632768,1
60.11281107665866,0
1047.0695291918817,1
1260.1979933832265,1
910.2846513023801,1
1274.2486009781123,1
1098.9322995217246,1
1299.3002268271048,1
955.9008834354638,1
653.7826566642472,1
863.6582761333349,1
1234.296639729897,1
1395.3381146485895,1
854.6033605867634,1
981.789156871236,1
1291.7416499684832,1
,0
1123.3701620277839,1
1033.192590185396,1
794.074201184097,1
968.8757141886554,1
1021.4591647612467,1
1559.8394446406262,1
1432.8003436514439,1
872.1392936728103,1
1207.7497484717253,1
850.0784699513006,1
,0
1093.458011593474,1
1287.3767513989953,1
1027.1542044277394,1
1043.31201015465,1
1450.3793445101078,1
,0
1133.3211020114245,1
1043.8190277980775,1
1114.8209006036723,1
1383.8913942714125,1
1085.4955762815262,1
1120.9674691128291,1
1167.2904296838758,1
799.3316386822469,1
1249.5833767943982,1
905.2699397764129,1
936.236270001983,1
1055.4239095643024,1
958.844336885083,1
892.5127027688845,1
996.7965837719751,1
847.0804676133678,1
773.5361960653734,1
1069.695078289316,1
1410.9839209242557,1
1070.871900171537,1
690.0393350608942,0
1200.3512367953408,1
902.9764504542742,1
953.7227828846726,1
1560.3520865706305,1
808.9525937663884,1
896.0258125024452,1
875.5449888514999,1
829.2575023091334,1
670.3163681100523,1
849.1021437457879,1
1078.741575811425,1
967.2250845282518,1
993.6045893313199,1
1421.6086484425934,1
773.7940408908248,1
1239.5261058324002,1
925.2936104329397,1
939.1696960631807,1
1138.5232840097547,1
1380.757979426197,1
1129.9192096304505,1
1049.0152316622332,1
738.2539851781012,0
1234.5231362354534,1
1005.3071796760773,1
1140.9790763077172,1
1651.565395387874,1
,0
1175.2895647526846,1
1319.7640230062182,1
734.1987640694822,1
,0
1175.0926173284613,1
699.3035891233317,1
808.7185586365333,1
1193.5991421107067,1
805.3473559559754,1
814.1937791579745,1
1095.683448663768,1
1002.1463899513486,1
755.93400679494,1
1326.571182249185,1
1050.8208574038765,1
1341.6101553299784,1
764.524245418075,1
1083.194741428863,1
798.1563225713842,1
788.29187249397,1
,0
754.0642353903555,1
897.1903995618345,1
1511.0864883739055,1
863.1555424188502,1
1160.853278556957,1
919.147209838476,1
720.7623471272302,1
933.9632207500981,1
661.1544024521341,1
1646.438634775079,1
660.644707318057,1
1110.6917055636166,1
1102.1438420603727,1
1064.8690575855323,1
1021.3399383982121,1
1052.379173462434,1
1244.2575166827776,1
1054.5209585198434,1
1321.4919222343322,1
1363.0791998884974,1
1419.5223882985188,1
1179.2374128311226,1
1094.7735508331016,1
949.8571231829931,1
1242.5451686092624,1
1130.9866626976032,1
877.9397942139036,1
1347.9142742363783,1
906.2623316603265,1
678.4838884735346,0
1043.280918153183,1
1203.4492455232705,1
893.7946755442075,1
880.2138573958609,1
1207.318596899464,1
968.2623023195604,1
1462.2793198786626,1
1085.6175950670445,1
1074.349286805161,1
983.5521929303015,1
1018.2438319721581,1
1370.1049849811723,1
933.515290685285,1
1202.8824512388228,1
1430.1324827711512,1
,0
879.1858467498014,1
837.3408979282141,1
1090.1172027114028,1
1368.2559430781985,1
809.3461831299876,1
872.1083480426895,1
906.6318428413052,1
1272.1620144275282,1
1092.9518873044744,1
871.6958171821392,1
1058.6502253585663,1
1287.7259473297997,1
1047.5356192956863,1
1266.543650133814,1
1222.2964714845552,1
1159.908507219153,1
964.3217689639106,1
1038.8443111875504,1
-37.41022739120035,0
1071.7542288441311,1
839.8294953116626,1
1220.8932733027987,1
826.8365142938561,1
1643.722116091845,1
1106.2131239808596,1
970.4864889259637,1
1152.5235699604511,1
889.9704333224036,1
937.416413564847,1
1085.8947627901002,1
1160.7369393900312,1
1145.1137034552296,1
1127.4046638667342,1
1034.3910212432893,1
1122.784482008195,1
818.4328035611533,1
1150.937321193857,1
728.8106940637549,0
874.1984971123176,1
1329.9614680475902,1
1254.877971944283,1
1328.5361607445955,1
1209.6202864704728,1
1063.5182564843549,1
1261.5533426384716,1
1272.2598739156033,1
879.4675301995975,1
1152.2529984380667,1
1390.619287456173,1
801.6585603576455,1
1210.891025865829,1
,0
1255.7211064621463,1
970.2584243471978,1
1162.0558038416912,1
934.5385673073868,1
937.7240140973569,1
1354.460412653044,1
779.6813130890396,1
-40.23271325374253,0
965.5434199749717,1
994.5775787315469,1
1472.5711166519668,1
917.8915349930105,1
-7.726659616618463,0
913.9927957280538,1
1042.0007589053853,1
951.7712123331844,1
1217.8170995336384,1
,0
865.6096168825641,1
1048.5528465641933,1
1116.7591914096326,1
1028.8807846070483,1
1291.528767454766,1
1022.3759382501221,1
1121.7805666444428,1
952.7650198397395,1
1022.8231568676113,1
897.2153290842572,1
840.9349721197209,1
768.4158865590446,1
1069.8438839494374,1
990.5921949663192,1
743.1902291211395,1
1052.8364897287838,1
922.678650622058,1
1016.0762523679387,1
1076.9779047291001,1
24.30637101710022,0
928.401069250661,1
1235.54284622473,1
894.7720246037868,1
1062.4918486037582,1
1028.0972395784602,1
910.045074631642,1
958.8016240168989,1
1220.156963613316,1
983.4457254965583,1
980.9494562421145,1
1384.1160717226287,1
1248.6498515365038,1
778.9828772307162,1
978.7276464232743,1
995.5400221600314,1
883.1304825770045,1
1260.0105241827732,1
1004.7571932990365,1
993.6553282906696,1
1025.15007153617,1
1015.4871380278058,1
1235.092006657281,1
1414.6983446807715,1
-43.08650343206659,0
1207.8115978242909,1
654.439574068516,1
1123.7268631576414,1
824.9439686296166,1
908.6051566310272,1
923.2100456619489,1
952.4447269191625,1
954.7501985059171,1
788.6349870731734,1
1083.925064376888,1
885.0502679113421,1
898.9379905772564,1
872.0744616980862,1
697.0276339558964,0
1402.3560478512554,1
40.67435024160159,0
828.3464683581175,1
1613.1228890709285,1
1084.7478737950782,1
1007.0717337339764,1
976.7501141614202,1
738.5595608108429,1
901.2865984145437,1
1813.546575341642,1
1123.7608699627951,1
1056.5757698050202,1
880.8832402091512,1
1052.468005923295,1
974.5226057528213,1
992.8502015268414,1
974.3498946546127,1
765.0901095054086,1
874.7462242056138,1
1122.0768680385527,1
931.6177673102586,1
1263.5488530656635,1
1228.7761922426319,1
1139.8561185002711,1
862.427820645989,1
787.468922611823,1
1448.5668052673393,1
886.388276483473,1
958.605797352986,1
910.3028338516774,1
828.8208638376383,1
1207.8982761166474,1
752.2823878144845,1
1566.932977630095,1
877.3527899457675,1
1121.6639404636403,1
1009.1341018126818,1
-5.693698181977197,0
893.2853737577007,1
1204.4741690665044,1
777.3161771894886,1
1355.307877977628,1
995.8189240333428,1
932.1898145871189,1
744.9084764756597,1
1126.982666936321,1
1833.9495214437397,1
700.5333904632552,1
951.4033661636137,1
1057.8326944382973,1
745.9422424129302,1
1053.297962162822,1
655.9857570847979,1
1041.9697924609386,1
1138.266073183797,1
826.3644708697122,1
1367.3832533539335,1
834.8910310740231,1
747.553737505353,1
1118.5547736770116,1
819.0504726179007,1
964.902634759051,1
768.7657976831943,1
1398.2946926355557,1
1412.562067737273,1
979.1316989617144,1
1035.1631125947456,1
971.2571605263634,1
1243.6566978536769,1
831.6971757874342,1
1258.6965396765008,1
1049.0647353189315,1
1348.7865922013618,1
996.0727850424245,1
1174.3311532545615,1
1214.3231926417488,1
1243.7608714557114,1
787.829296145597,1
1058.366577310569,1
1009.4752272486526,1
,0
11.562595974258102,0
1439.572085147037,1
1025.2852892801332,1
935.0983152248748,1
941.8115602477525,1
1376.8175944450536,1
766.9060846116812,1
1059.0887863599498,1
910.0469038170313,1
1178.0603147267889,1
-36.96850870357662,0
1047.638934883052,1
1405.4434849880167,1
1427.3417700780801,1
1234.2165912431656,1
-13.716998303737,0
943.6886725825882,1
1254.3623998850812,1
1260.3761661830333,1
963.9311372848169,1
945.2222632999387,1
1031.9442169465456,1
1593.3468957568246,1
1345.1010468590355,1
1110.4900423834838,1
1228.454791482034,1
706.4757911848897,0
957.3351390579318,1
1046.508622066267,1
709.6408302593898,1
996.0149443442547,1
915.8621199433718,1
869.9568989521847,1
1097.970912660236,1
1193.0042443111925,1
762.3452026571258,1
1219.5341980132825,1
909.9679856287391,1
1187.2136002084922,1
825.7203969534218,1
1373.4678427055023,1
1096.073103825178,1
794.3569269471473,1
936.0305178187293,1
1006.8080571988032,1
1055.2641681918672,1
1353.4304314193037,1
1206.8796431316164,1
1102.8602974233218,1
1003.6513518021359,1
809.945675093196,1
980.2731036549834,1
1044.928943649417,1
796.5884601711005,1
1101.7147165428755,1
1211.9100525807382,1
966.4458523361153,1
829.4879436132719,1
1185.6566740422472,1
748.6109615615087,1
,0
1071.2237999136194,1
1106.165782326101,1
550.7199178643406,0
1156.2464744026597,1
1528.9580327478923,1
823.7427150098488,1
1440.9667451336236,1
905.0660254588147,1
1289.7760608674516,1
1071.0270664326401,1
1327.658641283694,1
880.8999810754001,1
1443.8889631000534,1
1097.051504086613,1
1052.1823924608573,1
1524.434208420671,1
1452.332722831256,1
900.9550929131116,1
1169.5732444894488,1
1231.0023350082126,1
1129.5343029209587,1
1013.939801473318,1
1390.865961928941,1
1181.8647154790651,1
49.7737911897874,0
1474.1792294913837,1
1316.1508487553165,1
930.3901697242494,1
771.9505734095393,1
518.8795212413033,0
1210.6876116883154,1
842.554655945434,1
751.6335791275696,1
1468.5213701605335,1
905.0483399745524,1
1168.7226576341425,1
1049.2663192477319,1
851.2260278177467,1
842.2312005932991,1
1136.489100936088,1
709.862049208702,1
1461.8774176514644,1
827.4713717390089,1
87.08101931569195,0
1357.8594837877058,1
814.4155778209297,1
909.0783381404685,1
998.8207706085948,1
785.1367384882542,1
1233.0128001128385,1
1114.3540510583134,1
549.7468289652045,0
1375.5267460102586,1
1201.2331953362113,1
1141.4556947974097,1
857.577997190792,1
-16.50228280557917,0
1159.7237660781286,1
1031.1694436810017,1
940.285566099656,1
1273.197741023889,1
1102.2325875379229,1
898.9018536238881,1
1063.9745694132837,1
1029.187790572026,1
1115.238726973972,1
1167.0628778814387,1
1200.1789349030241,1
1193.0195552531768,1
827.722266417513,1
951.4882865993615,1
1202.426792803484,1
664.225011680136,1
974.9749303831692,1
972.1228778606494,1
954.1427802443534,1
1158.3622513371715,1
-29.444658344518075,0
81.3118498159107,0
1063.4159094081729,1
1168.3280326282752,1
846.6358947814651,1
1515.6562364087824,1
920.6668924908439,1
1114.7129234251836,1
789.8268139082128,1
967.7970097343716,1
1114.2423710312642,1
910.3329708068123,1
1073.2242879205237,1
944.9612985929768,1
1199.1695244123405,1
891.4156454818599,1
1050.8422064488482,1
1311.058005286763,1
996.742058530657,1
901.717317553061,1
-21.010943850916874,0
1071.4178093698163,1
1193.610228761615,1
1111.8404323824584,1
959.4257290460511,1
977.1039761533956,1
1317.1297924338328,1
862.0298379974195,1
919.0033726701249,1
751.1489926610732,1
1387.0448742096753,1
1079.0156963645986,1
1107.1204776074155,1
1056.8957760695994,1
938.0977138341674,1
785.8718386023296,1
889.4824730879589,1
1237.1915098865227,1
1351.2475095419927,1
1059.6977082847657,1
993.2214372561875,1
1128.455643557596,1
890.5537039564047,1
842.0239519447872,1
825.2526041656481,1
1366.0649878273748,1
1434.1796466347114,1
1385.5958267302854,1
1014.5432309205175,1
1230.4726723416218,1
593.8383941390096,0
1012.1988955172042,1
1135.0550926874796,1
906.3411744553234,1
1236.1842387817783,1
1325.8911703728095,1
1162.3782088555956,1
818.2262751446458,1
950.9913821164727,1
1115.1302374024283,1
854.6516622990595,1
1025.698680232283,1
955.5558596398234,1
1016.706073446836,1
848.0676493992996,1
1059.9875155918842,1
641.1244980005304,1
1001.8061451853348,1
829.618426279147,1
1160.9945639263524,1
1297.669380931092,1
851.1001823609488,1
928.0124880034026,1
1122.3067901776853,1
1039.2755348179985,1
1162.4636871112475,1
1169.7145834495557,1
963.2861386541676,1
1181.4542996210052,1
1018.2926506528133,1
958.6657423743475,1
1201.5517916171489,1
-25.707430790947,0
981.6183877109842,1
897.5124370795688,1
1352.6365920935887,1
976.5141030320754,1
1022.4938199661152,1
1598.6808417638895,1
1131.810758172157,1
75.52844744805054,0
1040.982622864545,1
828.3242582615889,1
1141.985718836327,1
1126.8458659127743,1
1323.4511093703218,1
1220.8217235164502,1
1138.3083426760836,1
729.9290567739263,0
846.559326182608,1
1281.3168715834381,1
1107.0828365606453,1
798.7299994127718,1
1260.0590544345246,1
883.6768663327421,1
955.4112360721459,1
1187.4663209135665,1
1251.5507332663583,1
1364.161324493618,1
1067.7745568886205,1
1223.7001244777825,1
1183.8707805749175,1
35.162931602806566,0
48.695211585118386,0
700.3411807837794,0
1575.910484549166,1
1762.8878387687566,1
1001.8828197939074,1
1602.36624756433,1
1739.9270951822882,1
870.851574219044,1
1213.0704461603345,1
1580.6888403171602,1
1643.6910857631838,1
921.1401964988378,1
934.4764139110962,1
1217.0437871204226,1
1017.94167529373,1
830.0902392468752,1
1256.4353408836964,1
1014.9687162440288,1
696.104744665952,1
830.0361368346623,1
1267.7509357144036,1
824.7521225421283,1
801.2867623529952,1
1654.6121658467364,1
1075.0407210622964,1
1013.2870654394061,1
1261.6957289072932,1
1151.4645452761238,1
1055.0897043258456,1
917.6587125457801,1
1082.1152957657503,1
963.9704989163394,1
1221.7680781418146,1
802.4693575863405,1
820.9850513174235,1
1115.9279440171917,1
1473.5613744696768,1
940.3928247089218,1
1080.9772427687221,1
1022.7920965209736,1
1566.7298853650282,1
1363.7468183390076,1
1087.8619894628443,1
809.059770338569,1
1355.6926885147257,1
731.209232981039,1
-163.08270227465005,0
949.3648945259088,1
898.5748585004648,1
1056.7623941585334,1
9.931713088296647,0
1052.1041607637933,1
847.5463354558835,1
975.9118026281851,1
1098.9606725655233,1
819.7796238684965,1
873.3325530074983,1
1372.655161347086,1
1005.1162483231512,1
896.5947280912774,1
1265.055608939416,1
1064.5317497099443,1
1379.7351648428873,1
1364.9206540929042,1
1189.3951145181836,1
865.8015088956644,1
1162.4382285710117,1
1271.8872083226374,1
1006.0248528064635,1
1016.0908572641771,1
1090.7142422258344,1
1155.7068498673466,1
1026.2363013747474,1
1069.1468175892899,1
116.2133032974134,0
895.0595035152903,1
913.4974441858981,1
1231.3720906297085,1
955.8449033462417,1
1031.2770640784372,1
994.0368527526738,1
1063.1493004699144,1
1371.0327490981845,1
790.1505029128875,1
1248.193547807289,1
929.1283570647365,1
1191.361974625556,1
1249.9632740734799,1
1249.0734966508687,1
1068.3479467695774,1
944.1841014242498,1
872.6054946073382,1
957.7632929703963,1
806.8421885936243,1
1820.6740652812284,1
1433.3740172929056,1
-23.87794740888853,0
1343.6447144877147,1
655.2547962201827,0
1133.844141376114,1
1011.6728970685232,1
806.4698249679027,1
1153.2189672256359,1
1054.435752741539,1
1305.7256825900263,1
746.0069354727439,1
1128.9569630626415,1
-21.83177259459967,0
1211.662403048039,1
1105.9541075966167,1
982.0568888782067,1
-14.830340490862682,0
1086.1479433951424,1
1336.913966104938,1
1064.9926223795665,1
1426.4286563400483,1
971.3414617590701,1
1270.6833378214415,1
1015.7838981854344,1
1164.8872421940705,1
1157.4107063770798,1
902.2924080132179,1
992.5022926376046,1
964.258551645963,1
1070.356447731451,1
1319.3626076689447,1
1018.736406833117,1
1195.2269511050313,1
896.3829274179327,1
1539.7475136901462,1
848.8906525620876,1
973.735433557338,1
964.2126782985889,1
1750.0282343025806,1
1141.319100453784,1
918.9373763779637,1
1182.6448603951114,1
1183.7709345431451,1
1132.330355571848,1
1108.489873928606,1
1212.351206781787,1
1172.4735599045189,1
903.7673360342494,1
885.7244343692483,1
906.3549255605227,1
978.1160384485149,1
1133.7156583120961,1
876.9358737447459,1
1770.8410254894657,1
1001.8854358727027,1
1560.1643959426806,1
826.7080108415115,1
1449.5314904897746,1
1009.9721506150247,1
1269.7355613980003,1
1023.6163138260681,1
1134.8790066481583,1
1339.5377702312635,1
995.5870520075428,1
1190.3838081604329,1
791.8815124511491,1
902.7492741549127,1
985.8889483031865,1
973.9517775452857,1
1166.4642445252655,1
1158.5528801585194,1
957.920016851303,1
960.2860549423796,1
1044.0968162200425,1
919.5689695262414,1
900.1165642156454,1
838.8039909046973,1
820.0310134773426,1
775.5056094226693,1
1089.2313285686228,1
907.167704981341,1
1021.9602732053078,1
1258.075309354042,1
1236.948916746814,1
1166.548062873643,1
680.5125480857155,1
1095.129613557022,1
,0
1192.8533929060732,1
791.5597809971266,1
1049.2422865675528,1
1163.4674172843895,1
1071.3372150888279,1
895.2419101990813,1
1107.8136710938097,1
944.7921323220468,1
999.0534242565881,1
1307.4229551423125,1
1081.0884685664973,1
1094.1175134477069,1
1195.9754620767478,1
1412.1557273359058,1
1012.0159676673375,1
853.945930282028,1
1102.2205351144883,1
731.039874067503,1
661.0141081937463,0
1003.3314312712761,1
1201.9433033342807,1
1235.6087585276578,1
787.5751496462753,1
1169.6252113740873,1
1384.2054358267706,1
1230.2209305972754,1
847.8566375371188,1
1066.492134362091,1
-39.77534240822797,0
737.5640818425572,1
1200.7955433034326,1
1002.1948118194806,1
885.254278393495,1
839.3888935317952,1
1161.9883964765613,1
1045.4195266242568,1
1136.810575624911,1
910.1626660284306,1
799.7192551038593,1
626.4536681638251,0
1121.8317798658509,1
1173.9193306570905,1
,0
786.7785086539482,1
816.9203343921645,1
-28.759821465368077,0
720.2553616121386,1
1073.6632823034513,1
1293.3414702206994,1
1177.3048978045833,1
872.9647277369887,1
1115.9732675926182,1
1387.317314901806,1
1048.8590793899082,1
908.5740824506129,1
875.2345582960461,1
1289.7258283835524,1
911.0641599090495,1
989.523106371627,1
837.2434825321134,1
797.396530437533,1
1485.943046412644,1
1217.2398157345606,1
1060.1940910099638,1
1177.754360001911,1
925.7441894281153,1
1124.295611027069,1
1184.7552792407566,1
927.2628088215733,1
1177.8671569306355,1
756.2469095912429,1
1118.2839344249337,1
-37.04433071478866,0
1238.561712337909,1
1066.7880035703731,1
861.4835279093845,1
841.1151708775643,1
1420.3489059194617,1
1403.3170073471783,1
1017.799042862398,1
1164.8231729951779,1
1099.0927489932124,1
1345.8592121052966,1
1763.413018670326,1
928.3021103115783,1
-163.08270227465005,0
1046.931537163981,1
987.3888596192556,1
1669.549166952051,1
980.8587498670231,1
1474.9826036187324,1
1039.467118977064,1
1209.5063895569594,1
883.0132008831644,1
950.2464981430193,1
1080.6034346249428,1
927.2650503001692,1
1091.6848340679999,1
1157.7298186628304,1
782.4450687264527,1
1189.6234584639308,1
1060.7384054305887,1
1108.7431847503615,1
1139.6143099681317,1
1420.4445991240445,1
788.4383784237568,1
1434.2320099167616,1
1326.4695720239486,1
1508.4717815325716,1
1454.3294440272273,1
1123.9462029564256,1
901.32072056399,1
1117.9643525779031,1
978.4094398363505,1
1112.195435161057,1
988.9952578669674,1
838.8540640790541,1
1141.9855451575154,1
1470.816587021708,1
1054.4085006157347,1
951.3965869659551,1
957.1352905756128,1
1512.6233534860278,1
673.3286985228818,0
81.0673123345723,0
1152.7926743947764,1
1118.1087757554449,1
1101.494262408287,1
1070.54287440429,1
879.4958918999151,1
987.7597467539063,1
861.3204816385555,1
-163.08270227465005,0
917.5853446809149,1
884.9883523290475,1
1316.512142681845,1
1295.126054286221,1
768.6346843512961,1
929.6795366359062,1
882.6966520097532,1
1046.6895857044694,1
1026.094933191792,1
1480.2760329522519,1
926.1763622927526,1
682.1883699147851,0
786.7563662716522,1
1163.5277762737217,1
784.1580759544813,1
918.3518939484479,1
988.2548618283513,1
1068.4437433528933,1
1576.2142118781553,1
815.7610000159266,1
1408.6481563823986,1
762.3215528001934,1
898.6423663262456,1
968.8365536380406,1
578.5431704274226,0
1081.397644065727,1
846.679127153479,1
1031.6297863567872,1
1026.629747350236,1
691.0187087317732,0
1019.3931667241229,1
1064.4728809748196,1
1281.830186376745,1
113.93336560319005,0
1159.8790827001424,1
791.4298673948398,1
1052.569167165496,1
1093.7455133016338,1
949.5619312383641,1
1401.7517013274996,1
1114.2253009953465,1
1148.695810629963,1
1095.8571202222022,1
1082.0508008988413,1
1076.4967995577445,1
1096.792649933619,1
1436.318352514938,1
744.598888740985,0
1290.7129083229672,1
960.4002886385541,1
801.444162118577,1
962.7436044915577,1
1023.5165668250362,1
1050.5807499612245,1
871.4968228528513,1
740.2668860100509,1
877.1423370242051,1
1021.7011939093021,1
1012.0970494369508,1
972.0638453734728,1
1051.1687360813205,1
1246.458640723736,1
1165.3940790958477,1
908.4808867502378,1
1992.925244552655,1
1197.8478728949976,1
,0
1169.5018802449738,1
1108.1621039108798,1
1099.464537451526,1
1172.1378320064146,1
1204.5979615430824,1
786.2375452439417,1
1145.6754826397819,1
1700.9026272556289,1
1126.9064851557764,1
888.3385288011309,1
1368.5541225028778,1
1013.6457853355074,1
876.0235358420525,1
1426.8062701957997,1
944.0048202776584,1
1311.6363089591412,1
1355.254759968446,1
1070.8866567666096,1
1097.2267427536578,1
934.0529212412564,1
1079.9574896833267,1
1396.3751828146592,1
1254.4149867220704,1
1443.3434411772846,1
1495.5288138408905,1
1417.511690077595,1
931.1836620377353,1
1144.9524561858586,1
982.1339561740293,1
1610.2165243345144,1
771.4608088787194,1
924.8614592281502,1
1257.7489735424797,1
653.4119937435578,0
980.8245523901511,1
1217.5476207152792,1
925.4076711792301,1
1197.3634659424736,1
968.9891414685561,1
-46.489138625008536,0
893.171188922811,1
819.245987133438,1
1261.6920108395493,1
1425.7709713797144,1
958.6242138057605,1
903.8888540709378,1
-163.08270227465005,0
1406.2701656235945,1
932.115242042054,1
-23.969421577991625,0
919.3743516948484,1
813.0245057507643,1
967.1528015912417,1
1151.7739668167947,1
1379.307397734507,1
1084.6365619464893,1
1405.5018970843798,1
854.6975009078288,1
1219.934925996814,1
1110.1146223588298,1
962.6964924466187,1
1169.6224696571278,1
809.2275592015055,1
1099.5217879607258,1
904.3434629402972,1
862.3530621452462,1
1348.9169868219826,1
1216.1728008705568,1
1199.5774980326057,1
1316.827757505976,1
1116.0768380698328,1
1244.0309579213829,1
1062.1070428683481,1
1356.8344312853524,1
990.8538825943497,1
938.1651383346766,1
1101.3130177429623,1
1051.8501288528341,1
926.3368339995715,1
-7.880742417285319,0
1052.8227806823108,1
1175.1481027192867,1
956.5820249435209,1
838.776893310926,1
713.8932320951199,1
-163.08270227465005,0
1289.2053237294665,1
916.2567354128901,1
792.8007979572429,1
632.6472007634493,0
1117.2202444210625,1
865.8580979247844,1
1052.614713437273,1
915.0207213446004,1
935.3393970330808,1
871.6841587328017,1
1470.7094206828472,1
1090.3751448258624,1
926.9989058641057,1
1159.3463066356762,1
1098.082589746223,1
1169.0482153987496,1
63.786410510234305,0
929.1980509336826,1
1137.8389532473966,1
1035.2613951100925,1
1001.6102221621413,1
1039.6893348261315,1
1033.7209582534113,1
1393.5063639855898,1
1615.9211142931172,1
1408.961640790526,1
1017.7402709605101,1
1113.8028824585356,1
1153.8562293591717,1
1223.122177048075,1
850.784339454711,1
1082.982744330982,1
1136.3416688546386,1
1237.5768128677878,1
988.4844739790867,1
787.6106655587485,1
1333.884614208173,1
946.4029769849332,1
911.6236576967959,1
1176.580444220622,1
1091.5009595337522,1
1262.584792880168,1
1015.4375342595715,1
809.435067280511,1
1022.7939086467485,1
1107.2871825427571,1
1186.234112383101,1
908.5347320594834,1
1100.199553786255,1
1701.7789233791843,1
806.8747004460361,1
1042.3381684843034,1
1063.412470008694,1
1356.2443878632525,1
122.12985895018255,0
1034.2607400578524,1
923.9116777128138,1
1281.2457027082728,1
974.7227499076347,1
964.5427849033479,1
1002.168781254733,1
833.0173038592221,1
1285.875185999449,1
794.2515339740276,1
1297.7383990974888,1
1425.3616680967427,1
1107.9125496293714,1
932.5581233068383,1
1188.3017896407214,1
1064.301456177812,1
1155.4381069348192,1
1031.3903918257547,1
1365.381402811237,1
1075.0128781898272,1
979.1683830404526,1
1016.9215949678069,1
1007.1448579782463,1
1034.7764114119514,1
923.211022383374,1
1004.1577493796595,1
1115.4187629485089,1
699.3369852654586,1
949.0250957673068,1
755.7247234137177,1
838.4822408379964,1
1131.7528469827766,1
1224.594870933047,1
802.3535824187209,1
1071.4117947795392,1
1062.4393618185154,1
1046.6369199639364,1
1093.5632942452369,1
870.9834632833459,1
40.34463543745869,0
742.964778462526,1
1138.5314692262086,1
1534.8177625689575,1
786.8608047536684,1
689.7552831282359,1
1219.6903137262975,1
1414.7224046292006,1
1251.5832391176596,1
1048.19439214251,1
788.9891808132618,1
1032.8890019570476,1
850.3628354777102,1
1080.986707826124,1
942.0015713645753,1
1216.1118082532776,1
49.67358139614282,0
1361.4075273297844,1
784.9785610737663,1
1165.01778449894,1
1024.2454675176077,1
881.3320358194608,1
1005.2293029584423,1
1410.6172553226743,1
1360.11059461911,1
972.7728232956357,1
-163.08270227465005,0
1037.8514809506635,1
971.7889999919208,1
849.229492049058,1
1111.6659775627286,1
1129.1075503029695,1
1510.4243675050852,1
1202.2942857058056,1
1318.1514911961226,1
1155.0451811404423,1
604.3328430900402,0
746.0559276706381,1
1034.4932466302962,1
1135.4145569586105,1
1168.7956553177673,1
1389.5315607567059,1
1154.843800774101,1
1341.3149366946661,1
1073.2349305049352,1
893.5163587807334,1
1351.2549087470418,1
1219.359100153022,1
1051.3884543974368,1
1021.2121217030226,1
876.9122473613243,1
1146.529995874051,1
887.8263501030608,1
1593.9012919034346,1
1140.1929757468247,1
952.0751114355772,1
1392.2424097438493,1
1182.947718827175,1
631.5619098998768,0
842.201380360148,1
1227.7581971473057,1
-7.932576447444944,0
1387.674099569845,1
1070.7514899992423,1
1076.7125399252704,1
816.3351763567143,1
784.5435951129167,1
880.977530347763,1
1020.1911708625536,1
1168.473006501576,1
1368.741123577138,1
964.3454883970718,1
1237.977201331671,1
1139.3766087027307,1
817.2919887844046,1
1297.3418906600475,1
949.2340419526819,1
720.3309144182331,0
1148.5427782299203,1
1627.8096995166482,1
805.0965685049114,1
671.1999717499052,1
1090.8090497808612,1
805.8226384054523,1
1534.0837299091552,1
655.9038492849052,1
983.138918037678,1
953.3041283651402,1
11.930931428913027,0
783.5048665131694,1
1529.0816181822154,1
58.11948978096052,0
957.3105529321922,1
1004.841816713438,1
1033.6761470333647,1
815.4322983824009,1
1295.9585257964236,1
742.1009078188674,1
1139.4204255337454,1
1047.3177213171182,1
844.0017401743298,1
1181.2125958977176,1
894.0290515612606,1
1095.5541638242225,1
1385.8689559040074,1
788.2098955704648,1
1287.5784860503352,1
650.7803996259586,0
1211.9370929485387,1
704.6380718450564,1
1028.5021264120214,1
971.5755800742254,1
790.8570280651638,1
1087.7834230508404,1
1119.511172597611,1
1017.2446271558135,1
1180.1040075099247,1
915.4393364582122,1
852.7167681604841,1
983.1158650002463,1
1001.2310065593825,1
684.2963836845547,1
1143.434530307036,1
1010.4225071176387,1
1039.5241112453555,1
940.2440612854142,1
875.1711464848622,1
1469.1168282774393,1
1122.794911919303,1
1037.9308433344556,1
-26.104631783140576,0
1715.1489242624716,1
1154.5827211257292,1
1212.3857910906745,1
836.1003484660569,1
1678.165609223246,1
1146.522222517087,1
1296.0215919711998,1
1025.4163499757108,1
1078.9397780675015,1
1028.3700915277016,1
900.506642667604,1
1072.4336220044534,1
1038.736105281876,1
1524.5643163244815,1
955.6159864614494,1
1304.297003489546,1
923.0505452943748,1
1148.6241495059162,1
1033.9205456616787,1
1244.6767661751066,1
1294.3976499595933,1
1081.684911785516,1
1011.2936923177899,1
1119.0500133870285,1
1026.6871448573684,1
1088.8199412641143,1
1418.3058739181326,1
906.0265802193887,1
1107.0097167000702,1
934.4917917636404,1
1047.1368476798555,1
1061.4718699538998,1
1146.7152663612487,1
1529.6837523816357,1
946.400401296576,1
1322.2409274602765,1
1224.9410546758606,1
1476.2694559615345,1
920.6326622674774,1
1011.0923852798675,1
1301.206253931708,1
958.0886913687568,1
1202.7867526575153,1
896.4200709420954,1
755.0329397910809,1
977.6145297099192,1
961.6447641766207,1
1188.507063357795,1
1376.0846295113097,1
1092.0104757968863,1
1054.7008872871575,1
944.9360698649571,1
1972.6347004998324,1
1091.3039517914415,1
1181.2028454901708,1
72.18984017648484,0
1117.9953586034487,1
981.3594038706641,1
1445.9116661204703,1
856.8813181221587,1
1155.1154702457986,1
1266.856765799515,1
1073.5702191200694,1
842.790890191184,1
1402.7828607615124,1
1100.4147895400151,1
987.5861755802189,1
878.5999877780712,1
1022.7198964518174,1
861.3933898223357,1
1344.2328063571676,1
1098.594776946919,1
1104.515928648156,1
,0
1185.2705365780294,1
1019.1966174148145,1
697.8640594367821,1
1111.569219130835,1
1039.0804615912564,1
1299.1850571777982,1
1099.6053755919709,1
928.7938761380844,1
1116.5574761800522,1
944.0516777384975,1
917.7303481461555,1
1216.3721366656405,1
1150.8518277137637,1
1075.3544552824633,1
1374.2777099812038,1
897.3404830563071,1
897.9226277064078,1
1279.3446996907294,1
938.7157382045611,1
934.2390409020743,1
1215.3920015630765,1
831.5175002604133,1
-41.07163293355961,0
863.3737795493366,1
1048.5395731372173,1
1021.8506816294579,1
992.1745449118134,1
662.5425714277515,0
-163.08270227465005,0
926.5492162042262,1
999.9824434910242,1
1348.743488311172,1
1117.1392986960234,1
1053.4066073056201,1
874.8591832548809,1
1036.4262066141657,1
-52.63843766928039,0
923.5179055521345,1
961.4711120303876,1
792.3368368304317,1
913.6453169178759,1
737.1736846269241,1
1268.761173254271,1
695.3118025049364,0
1208.2508067548872,1
,0
807.8901357162152,1
1090.1641246367526,1
1071.8037185768533,1
961.1020126702706,1
898.5128281672357,1
1118.0234358835426,1
1046.835061749195,1
732.0174079965568,1
838.5182664493216,1
1045.1156518945754,1
1090.4946217202953,1
947.2616474052458,1
910.6778561869785,1
881.586629087762,1
903.7766207621262,1
1005.0276870120042,1
908.6331010001936,1
986.220464932589,1
1004.2957623811511,1
1632.2353210475349,1
1402.6159253881292,1
1117.8690214957642,1
1095.1006591231037,1
1027.8952328995845,1
953.1813072845928,1
1138.5924023300877,1
1119.452705799311,1
1428.1290160002504,1
1028.2071130535066,1
870.460854954378,1
1207.2784468470372,1
1297.7532314828832,1
1478.1976636109302,1
960.332498177963,1
895.9667869378177,1
1099.597311011648,1
678.8205718593549,1
1048.3510948471635,1
1095.669738117893,1
1270.7321020046566,1
944.2275979884346,1
955.8595086868055,1
983.1758151468651,1
1024.2117854045675,1
815.5479052565266,1
1300.6314089385348,1
897.286108487818,1
,0
933.1183454785423,1
1048.4036881983293,1
1218.4816760487197,1
1271.2151538937912,1
,0
1339.5898699068289,1
1113.729561017658,1
,0
1061.9130606028295,1
1194.523008567464,1
1068.1670466069186,1
1343.5809624567396,1
930.7042562050626,1
1082.9083144489264,1
993.9016685447095,1
1063.7715903668773,1
1366.1211593971325,1
1396.3397109284535,1
1276.6478823561265,1
1086.9704800563156,1
878.8372567177577,1
915.4420134826286,1
1232.8896319393232,1
1069.4866838295286,1
943.9714128102713,1
968.4721264613313,1
1600.0786784627232,1
1526.3401615281186,1
1400.9175116741553,1
1002.9891180948898,1
633.7693002202516,0
1106.2958218386343,1
979.0385354671605,1
,0
837.9136016143542,1
1322.8018301048344,1
892.6718327592532,1
1128.0850017312728,1
1150.6710095558246,1
1118.959309819014,1
1090.4112264157836,1
871.1759522816601,1
1080.3827624137577,1
1092.983038173076,1
868.8521280434654,1
1146.424753909769,1
753.3643729410187,1
938.2993477716585,1
1330.1722567781776,1
943.2067325627952,1
1243.3388132680568,1
1032.4268300258245,1
1171.4297744463975,1
746.4286479563455,1
942.5426003642964,1
741.571392027688,1
999.1235559564043,1
1109.5473652456608,1
1039.4094116010403,1
-163.08270227465005,0
1135.461039406044,1
1012.268055891595,1
967.0859893136476,1
1027.5492394201078,1
1046.5186935671056,1
896.6605599830998,1
946.3867317874506,1
1427.6133733564097,1
1024.989429452735,1
938.0030762907592,1
825.7230470773518,1
979.9874089955339,1
823.2837764221466,1
1168.8800957492736,1
773.9890308946611,1
832.2552432431507,1
1325.0413262808665,1
1199.4146395549992,1
1323.6648926860325,1
1064.4903610458566,1
656.8739726712554,1
1134.8034788609568,1
894.9474138443846,1
892.1856696705036,1
1133.1645067897339,1
1389.0970946784355,1
1053.4676368532757,1
1192.2439071590104,1
984.1008833848219,1
984.3409500394796,1
643.0626440887166,0
1074.8264788313156,1
855.0458124072862,1
1060.9107097811313,1
1211.941574968889,1
1174.316111875865,1
1290.5302303803783,1
984.030100834845,1
733.5875356667973,1
1052.848557151847,1
1392.6288666945434,1
1169.8578804567348,1
897.84361708226,1
951.6721959017973,1
1115.152694279105,1
950.7009161502641,1
1185.4197022443602,1
1184.0485754623408,1
914.2602653819642,1
899.7312669160247,1
1153.68122526599,1
1461.7717085551287,1
972.0918964191973,1
1137.322803591181,1
830.8193548799452,1
897.6104050331172,1
796.2374395646657,1
1037.0905594531107,1
1031.0521663134703,1
752.1532522140631,1
1169.7034452326673,1
1013.9856176155506,1
1049.6357641756176,1
931.8911224975426,1
922.5111467174399,1
1044.5568304592502,1
1192.7291845169786,1
1008.4289459516503,1
940.1118437915419,1
804.855995744073,1
1142.2056405882408,1
852.5030437705979,1
1211.8221236624697,1
856.7713352894286,1
1106.672971130722,1
783.5641835222043,1
1088.1332540832695,1
1262.3145962755473,1
967.1011898548644,1
909.3838146484278,1
832.5759499679281,1
1100.0293637754648,1
1014.0542517895102,1
1281.864432482184,1
851.683470162769,1
830.0690311374738,1
789.4916371686209,1
920.1974058679119,1
982.4214445386154,1
891.0993794228775,1
796.0142849622184,1
1100.2608998993132,1
1186.0772997294637,1
1349.1623623389116,1
1057.8256329574162,1
1289.2104375035854,1
1040.2123074168142,1
1200.3643461402803,1
901.1112201921003,1
1478.758204143803,1
1075.1293820441922,1
936.9521335293612,1
1151.606485960662,1
800.6501901392805,1
1029.3788511367875,1
1231.7396418606083,1
847.6869689547046,1
1177.456582080872,1
1286.3924324076518,1
955.8643639745584,1
1355.996628691349,1
1185.960998256699,1
1387.499159569963,1
1108.0260488674298,1
905.9277943690277,1
1183.9605443271146,1
1184.7081125319396,1
1002.3637658470896,1
37.42335907108372,0
990.98006578887,1
745.9615688319695,1
760.0147589452436,1
788.7628061000765,1
772.2881802357016,1
1305.3274969106028,1
952.5370207808736,1
855.1290301312604,1
910.4658068038498,1
859.0657051469657,1
1234.0838702695855,1
1086.8750777098203,1
746.3913608518079,1
1135.540922234206,1
1005.9418443826029,1
1179.093440334657,1
1270.0209561501276,1
836.3571158058433,1
1113.269758370154,1
1117.0096944289185,1
863.3872008230547,1
865.7500586988554,1
885.3065070953598,1
1026.8391963144416,1
822.3160106303419,1
1072.1862285277343,1
1084.0076557163643,1
1309.0616176710193,1
1062.1965810690533,1
915.3753610445339,1
919.4423925598721,1
976.78888109497,1
850.3277466924953,1
1213.1537028070636,1
1150.8464596441079,1
1036.684358634206,1
946.3725652929085,1
1282.5564492996152,1
1366.4268851281056,1
930.1723511948637,1
822.5509617489599,1
935.1677827694093,1
733.6162957323365,0
1054.9081720104534,1
891.8960451850783,1
1009.5438252092181,1
1060.8807987240687,1
1125.5902863630208,1
1109.7775268625367,1
1495.3137005209978,1
900.4648305689699,1
4.3733379758289175,0
1140.7951562650574,1
837.3741984389915,1
1056.4608525279584,1
749.0507361811281,1
1205.6500030432808,1
1047.4857829332216,1
732.1695254817676,1
1443.3764452031862,1
1088.2945373933258,1
1236.1055542963559,1
1388.4185214172765,1
922.3336119343642,1
940.3255429083694,1
993.2318058712868,1
889.6560441412386,1
905.0435756344368,1
894.3477925320325,1
1415.4375209464652,1
1151.4570337237187,1
837.7353944198067,1
1293.2150628101174,1
,0
941.8464437939496,1
,0
795.2138725841305,1
934.4320271460879,1
1302.0379396403687,1
755.3183643491469,1
1417.2019199921085,1
1063.9054763295792,1
895.6196231805116,1
905.7627581553631,1
807.4451882918218,1
838.6571517112104,1
969.6438694736081,1
-31.156240798177805,0
1097.013385222017,1
660.5844081046739,0
861.1397142488993,1
1288.7560607816035,1
1057.3818559678323,1
1473.2850160744447,1
-36.54000339560116,0
1496.3985755748638,1
1337.2075205610436,1
789.8545320911522,1
1089.0172259852447,1
1086.0311774615957,1
985.4016459001451,1
1344.6475568916726,1
1202.1326231143469,1
1246.295018716218,1
1113.5472547913143,1
1124.8349485080037,1
908.4388529728863,1
1057.1816656822252,1
48.2471960511964,0
906.1802588395601,1
775.3594240380206,1
988.4779530881673,1
995.8569080393893,1
685.1413030382071,1
1159.9807331442473,1
1502.4560447009153,1
1177.001696989728,1
-15.48631183247403,0
817.6316348151236,1
989.5680099968341,1
760.2747935872446,1
1361.3365168905643,1
1107.7251289516992,1
640.7695450024767,1
982.7918721947216,1
1136.8020310020545,1
6.173955820348056,0
1206.1800498283358,1
1223.216358865679,1
732.2561157751664,1
1062.3074589268306,1
1038.6620744605368,1
917.2881975258128,1
1215.8095607934858,1
1084.7339991512513,1
839.2974923263421,1
1322.5067283833105,1
1656.134144363281,1
1121.9965299059902,1
950.9076958292793,1
1142.5489535797453,1
1367.2098489656364,1
1189.1632069978543,1
1339.7235324598792,1
1447.0747898054524,1
1224.9305929892441,1
1039.0726390396374,1
1304.885742042825,1
841.6105728863756,1
801.163222364916,1
860.4718927253728,1
913.7619643828518,1
1404.0804098582057,1
883.1394381726475,1
1639.9984493761003,1
763.5047826974519,1
986.3404025053526,1
1052.7299427214962,1
1159.5120054337006,1
1035.18956378096,1
1041.6297467875963,1
1492.282326148345,1
1033.4600035926192,1
61.05539881679488,0
884.9676908261422,1
828.530515702746,1
1087.4010086299672,1
874.9077359945161,1
1170.2043793299388,1
1211.4828209853024,1
860.9905415724754,1
1202.6946178426058,1
1484.5179213932674,1
817.2600497855116,1
1612.509197240438,1
992.0480386719724,1
1381.5601760532898,1
1068.7309369542884,1
1052.5377392979144,1
1293.518181310359,1
1076.270829166332,1
1068.0615905184475,1
953.1364503879925,1
899.5896331620208,1
1044.9926017749972,1
1363.8994295931502,1
961.883405614899,1
755.9779618436108,1
1006.1960210448779,1
1140.7311285353737,1
998.6232034541695,1
1023.79559770971,1
738.9470635464565,1
978.5136290498548,1
853.1235037843797,1
738.8273066330206,1
760.3480822826459,1
888.3301079313596,1
1356.0767998299089,1
1047.2641096874179,1
1312.5930682799735,1
1159.4495313674079,1
1077.7952685401813,1
1471.175440784905,1
1167.6331373189362,1
1280.7330312300753,1
1267.5983299043037,1
1247.144572840281,1
993.0735773658191,1
1483.8640068679665,1
939.7783128405821,1
1115.6707519593606,1
928.0635195989585,1
1177.2997647691495,1
1232.3090114761544,1
1209.361248350489,1
747.744777491622,1
906.7524573617659,1
1042.0137551362407,1
1080.3875193766607,1
1132.1469227155937,1
780.5135067468012,1
1199.3978960736022,1
922.0611455148851,1
675.1161814030093,0
850.8150294251777,1
1185.9839967239632,1
1079.3554730698347,1
987.4457086594102,1
911.0089101688312,1
993.576949619535,1
1126.92702178912,1
130.86482251176847,0
84.01989301672927,0
1364.6165019688233,1
969.5249675536984,1
989.4106797691979,1
1109.9387031437861,1
1471.9762309641733,1
887.9306747783096,1
889.7549589683201,1
1084.0074102127937,1
1278.4544508430477,1
1070.0362029118974,1
1068.086435425429,1
1298.5220077665347,1
1083.000343148577,1
916.4491368175685,1
889.3298319369987,1
914.9225119988918,1
1015.5870963940431,1
1118.8084101120003,1
1110.4784190260154,1
963.6178916023063,1
973.8140297710183,1
1025.8460906293606,1
890.5773828756668,1
1044.9265664931797,1
1396.8417244237821,1
751.0147476908069,1
1048.0332496638628,1
1289.8222263793903,1
1459.3550418876007,1
871.5423326145001,1
1350.6740941891667,1
901.623600937254,1
647.3167950723939,1
871.5931030848893,1
1076.6503066827536,1
919.1698658017885,1
1045.6997875388856,1
1103.871928113664,1
82.15950512026973,0
1213.8453758135058,1
1194.5416059445904,1
1128.754426353544,1
757.3149152826932,1
686.982078933214,0
1153.5942616438965,1
971.6390635250035,1
1352.9314464892786,1
842.3925254320409,1
1248.8088649645174,1
842.6557082176578,1
1019.0147575831762,1
840.8399049792519,1
840.9487485086721,1
980.7604300704846,1
1038.4173447837156,1
1147.4633487809965,1
1019.8601056912736,1
1050.5339096344135,1
656.4606747025045,1
,0
918.841345980004,1
673.3560803938271,0
1647.1754886759209,1
853.1620130504378,1
1064.8606721293895,1
1209.8897140999543,1
1238.3171210818796,1
719.0879392462234,1
715.0825577129401,0
1342.316122096155,1
963.1161374770754,1
861.8998462270362,1
823.6297849101875,1
839.4041734959862,1
953.2052589221244,1
978.8466558199985,1
992.1901564252682,1
1248.3391052156373,1
809.9866272165141,1
1165.3393228793445,1
845.5487141440797,1
968.0049566990979,1
1081.3283267018262,1
1011.6804002718659,1
919.9807606502854,1
1181.0555596448107,1
1286.631807293544,1
760.3111685749682,1
1040.3782231215457,1
874.1677001239369,1
839.8215596010455,1
1372.3763873127184,1
1054.15446287175,1
1023.2398746493219,1
1002.9082362513515,1
965.7076800399116,1
917.5566574885479,1
1039.5845152137238,1
864.6935304873225,1
732.8406015338983,1
1549.40143603378,1
1133.293415087087,1
992.7225344023834,1
55.12970773810332,0
1091.7079519713889,1
1113.37024287385,1
-163.08270227465005,0
1134.2952951543305,1
821.1458093164929,1
1062.913124542893,1
1060.7421427509196,1
1211.367609181792,1
1274.6529886457563,1
884.908665017122,1
1079.5732281281596,1
1159.8756017344076,1
1133.4424461648453,1
826.815292514139,1
979.1940375611339,1
834.0715226121116,1
1531.5423356625588,1
855.0523616768994,1
854.8585391902025,1
718.7727679294325,0
1002.4517381903881,1
1005.6876377106139,1
972.1154035115245,1
1203.2775508745142,1
1093.2509943988414,1
1154.5769643879482,1
1091.3170004264414,1
805.5271273706092,1
1117.3597325312426,1
1453.240737207587,1
752.7399436242881,1
1141.7140240706044,1
875.5179166448276,1
845.4466736746649,1
1034.2594120420504,1
1318.711704612778,1
771.0899399784219,0
1022.9501539272644,1
1121.308521304121,1
884.6560854322952,1
1356.9019488745398,1
1209.5776213683052,1
1471.7813632627535,1
1394.9727802259886,1
838.2252373325197,1
1003.96667660226,1
,0
1126.924704445098,1
845.6452218051976,1
1301.6995540219407,1
823.394615836375,1
622.4707663254001,1
1106.2077404062152,1
1531.7657019792846,1
806.2173853374793,1
905.910757857315,1
-163.08270227465005,0
803.2767047860862,1
907.7464848105417,1
989.6647164591969,1
995.5834771624947,1
1311.2622936260243,1
771.1450908406407,1
937.4733749307331,1
833.4388826978882,1
1106.485986769311,1
6.1172442337019675,0
911.0534293238018,1
820.7192502372214,1
852.0596267397511,1
866.0847348875742,1
628.8079356158646,1
921.8229770366427,1
1281.8448404852616,1
746.4495853452281,1
1329.5703591947035,1
915.5553122344736,1
1243.7402882143513,1
930.6046888791334,1
817.4197975707166,1
1136.9459830207036,1
1146.3175018807065,1
1073.9030137632044,1
806.3967947224712,1
-163.08270227465005,0
1103.5106804379163,1
1377.8567084212862,1
1505.365149855029,1
929.93588111894,1
1009.024375860035,1
-26.655915576001235,0
1281.5531217252974,1
962.9879437952213,1
1036.0056509265673,1
1171.1659226464212,1
886.3932356636789,1
1019.347896108719,1
817.4322141126322,1
920.9935117863781,1
775.433978823937,1
1529.0596697662615,1
1118.9100825947864,1
1176.2503417850946,1
959.6971034889634,1
935.3090606929192,1
850.3322724699766,1
1287.801670372541,1
1298.1476416881756,1
874.5378229179985,1
1175.991857250199,1
794.806796117708,1
1042.40928162982,1
995.4068218668071,1
1217.7675027228893,1
1032.8868273902733,1
902.661732039664,1
802.1587329519903,1
990.2712282551117,1
1054.9605822339706,1
950.5376114467612,1
895.7208586096231,1
1274.7815552669465,1
913.9358516663519,1
1001.6076427384278,1
774.7930962591256,1
1315.2159303174517,1
810.8755122872665,1
776.4967084978182,1
836.0351530294676,1
819.1260862507886,1
1140.9315149769957,1
,0
854.867827384251,1
1148.8658287896021,1
846.7758446715003,1
1376.7106768872554,1
992.3705820329913,1
1014.9372220989555,1
673.3260201168998,1
1050.8419571358386,1
1158.1588080675192,1
823.6086927440938,1
865.2273414154414,1
974.3800353947955,1
1125.4486133665555,1
1245.0462930872561,1
793.9102839478226,1
773.1636550535007,1
1095.2003377269127,1
1176.1340842284924,1
1158.6620444344762,1
1553.3302564467926,1
1097.030294633978,1
1018.0206730732566,1
854.7358131784538,1
1.8145000191907457,0
881.1460579885367,1
1665.6137085731607,1
1146.9569991260064,1
-18.904599183306573,0
808.8643147863668,1
857.0581569062516,1
1605.8929293423448,1
1699.5428820134784,1
1353.180297984331,1
1498.653268168264,1
-9.712664577586565,0
1208.7714783020804,1
1150.1482015183055,1
1032.1533104321395,1
743.9467712833524,1
801.9653823062731,1
1163.61974889994,1
1109.3093961606041,1
1068.1774387183607,1
1026.7342860568217,1
1300.221733470048,1
810.3490287200493,1
996.0590066848109,1
936.6358492190976,1
844.4394265574361,1
1126.6977729026712,1
824.3454964638814,1
1070.4286995368072,1
1141.7640072103914,1
1031.2064745136115,1
1057.504201863624,1
959.4672118966355,1
1066.8735554433374,1
1007.4743458069871,1
1165.035515910548,1
1230.7443951063833,1
803.4591062594602,1
1334.2210304510852,1
776.5091171239869,1
933.9436852000009,1
1058.6506405970565,1
-23.164244992199656,0
1323.2775815516325,1
1287.2076372675717,1
1062.8728949645194,1
1051.7455668579105,1
1257.563847005115,1
959.7286124213288,1
1436.0874213807265,1
878.9572633010166,1
1079.4759364727636,1
858.893237402809,1
1401.235218906636,1
790.0353937480434,1
1409.0404365431248,1
810.1931955159641,1
1065.5081808615419,1
1311.6689665368635,1
37.880729916598284,0
804.7548273300742,1
1431.748654574058,1
855.3575615489056,1
728.5330333104951,1
1405.9898768666924,1
1063.1370862938036,1
1314.5741070433774,1
-19.056243205730425,0
1136.5835317665171,1
1321.064025778605,1
1078.5796710338839,1
815.0351949333092,1
981.0430977467432,1
751.9677094914776,1
1194.1241409229249,1
1407.856754298552,1
813.2948135951228,1
1151.8866837712792,1
921.4404232275657,1
843.5688114459037,1
626.3560291577446,0
1284.281784491163,1
1212.757436844753,1
866.3563238803001,1
1044.5978545959995,1
1606.1731320015092,1
1028.533407306955,1
-163.08270227465005,0
1066.973191780617,1
712.8999634201527,1
1044.694695017968,1
985.6464588419962,1
714.5096640631823,1
1198.8475683240658,1
1016.2163328069787,1
942.689712306396,1
1198.2897115139444,1
1000.6399862578951,1
1311.9273709373167,1
1032.0590941930268,1
819.6171300635717,1
1462.502578085135,1
1073.3845395697047,1
1215.3042550456469,1
1256.5140395812812,1
881.3984551023761,1
1394.1984081642408,1
911.332087952615,1
1089.011022682854,1
910.4665935221171,1
-0.6988007535860561,0
1173.0984079252326,1
1407.3045357771205,1
1054.8409238819918,1
1606.4757812601028,1
908.1989532348782,1
1192.1618854446629,1
-10.588785618103884,0
870.5933020348923,1
1419.5055248814751,1
1448.7043876234115,1
974.1287105536892,1
1395.1093808253945,1
569.4100483874399,0
928.979251444232,1
893.3144115570772,1
1064.2507255304183,1
1076.5932491566853,1
1167.857544751201,1
1404.177558460512,1
1350.9440071553877,1
1083.262046387966,1
860.3674771270857,1
957.5442024519391,1
1070.4295328774858,1
905.7591918375268,1
1004.4897469835587,1
904.9269401654861,1
1067.7870912552717,1
1209.4688000928504,1
853.5543214714928,1
1142.354139286863,1
-19.727866705232827,0
-163.08270227465005,0
971.2257497688648,1
814.4473776495322,1
922.0142129157657,1
-163.08270227465005,0
911.2375611851029,1
885.7425103526766,1
1040.0212864628338,1
1016.1242641260673,1
898.386599434019,1
945.0054302912537,1
1625.4509404161913,1
933.1908241388858,1
,0
988.7854372188442,1
986.2645336151328,1
980.1755616426459,1
1007.9984321784509,1
1050.287954321393,1
1023.6674368442638,1
1056.6912966919738,1
1217.94899704201,1
1447.150983032721,1
1125.5392120807546,1
893.2603860455893,1
935.5191680686418,1
800.2662254020961,1
748.9143275437305,1
852.3145195350405,1
1358.2551706374009,1
-15.96421239236588,0
911.7745237078581,1
817.7741825631147,1
1105.8242884086528,1
1077.4901852672149,1
1275.644641812143,1
765.6192862331698,1
1261.5799459929672,1
1031.1031769486108,1
1099.0492952993404,1
880.6611996375369,1
802.6268422077509,1
745.2060849151161,1
1159.729708285332,1
1219.7708065668562,1
845.4497565961336,1
877.605698040482,1
996.9718113566842,1
1119.5214194166929,1
1159.7204150206594,1
1257.9726605498236,1
1011.0081978244109,1
10.007535099508686,0
1150.8705843584278,1
845.5407079019575,1
794.493624608933,1
1313.3971179482608,1
1398.6271502969767,1
1615.6947074586674,1
980.1398405459103,1
698.2322683727084,0
1427.2149839708068,1
1302.8949276728579,1
904.029961975194,1
1011.677654832101,1
738.4776795451127,1
904.1400890596589,1
909.8992341916789,1
1147.131841620035,1
992.7151733097282,1
982.5743051852792,1
1335.3499479968955,1
-26.258714583807205,0
1235.0018755398464,1
946.5216594293152,1
838.7227513936226,1
1157.6925895705767,1
1110.8188598131792,1
1467.6321981161764,1
882.0002297834614,1
1077.0572257491165,1
843.429064179841,1
1006.9360380542116,1
808.2678620433084,1
-29.277362164203396,0
-163.08270227465005,0
1070.5983858062705,1
756.4882979623096,1
826.8025264885653,1
944.4558130919947,1
1066.8169857508512,1
1112.3570682718098,1
855.3846551838502,1
1174.4245427350884,1
1186.4133454873947,1
1421.6745809301847,1
1386.5899929082586,1
740.5306576349221,1
944.5548645325152,1
938.4113459629008,1
1187.6694692284045,1
1101.8630999546854,1
818.6578725960502,1
1008.9793934470592,1
879.0704517005037,1
-3.2576387102240005,0
971.3300360011043,1
1283.4598332141945,1
1259.9058486908195,1
1313.3250103786995,1
1369.3783334211294,1
1542.0562472767713,1
830.1172361765045,1
774.6062712095193,1
1029.891000139129,1
904.7987044499173,1
946.2200753965685,1
1088.9669699503027,1
835.0819608760582,1
1343.8345348157177,1
1257.2316297479701,1
1213.193344666255,1
1056.963192740735,1
1072.4258016433241,1
1055.6845098947838,1
873.5382693883637,1
814.498289566901,1
818.8385176573704,1
732.3644386862429,1
936.9027552790889,1
1114.8183859068963,1
1020.2934927572762,1
1295.3318503440423,1
910.7739384009064,1
1000.2259414589121,1
906.4352497899939,1
875.4294710623481,1
940.6375100893251,1
1185.3894838030712,1
95.15819244447425,0
961.9127103145153,1
1267.2370780333938,1
,0
1002.8159713053119,1
1109.108040646299,1
1185.6378697835848,1
1080.6517899681069,1
1274.4972505251556,1
558.271970205552,0
931.348221985905,1
1104.4693912185796,1
1084.712855233217,1
1249.8551278744376,1
-4.807822028486726,0
1372.2550234199227,1
1130.0314799515086,1
1022.9826314170042,1
1183.4351032138804,1
1290.3444341198865,1
781.797243115891,1
1285.3170343976126,1
1124.8603469749762,1
91.12397369235407,0
889.937168316912,1
1587.9507489187295,1
-13.552140901665098,0
859.9910683281264,1
597.4293049972791,0
1112.7831939904838,1
1136.9493103656985,1
1116.7212476707268,1
820.8860449509008,1
1046.8999716106568,1
973.5548049267278,1
816.3401516376703,1
919.4413409766032,1
1006.8628291216478,1
168.14562387837793,0
1063.7460339806305,1
800.1408303909182,1
744.5958976180115,1
1200.2509802743828,1
946.1345039805531,1
1542.9916376429414,1
1071.1650418528873,1
1068.0506968598215,1
1283.5057650274025,1
1033.3047388386417,1
1104.487156772278,1
986.9177073801548,1
746.7335784587236,1
681.0648016417887,0
1488.190602700187,1
1762.057571562223,1
1294.4707256401173,1
1013.0757100004031,1
1213.5990456362863,1
1183.574783891744,1
1099.5166349120673,1
1099.1805072218933,1
1308.1598878654959,1
,0
1276.1775478419227,1
684.6825799720195,0
1235.1461459973925,1
1376.949241181575,1
1241.7744591422802,1
983.2103814498337,1
846.5642004359914,1
1305.598607081311,1
910.1515178633837,1
1112.058433706354,1
1384.694760868325,1
1071.0167870398452,1
1153.6614197789079,1
1288.0647443197681,1
964.1711081905141,1
882.1631460484579,1
784.8236155186032,1
1066.3944695546643,1
1112.030289075791,1
1239.2010304712708,1
830.3457763182447,1
847.3498825200687,1
916.3554152511198,1
728.336417101586,1
1378.9067806132603,1
1026.352774646332,1
13.047731882713379,0
1000.8188117147533,1
889.0185829013342,1
992.9733546797349,1
1095.473268924471,1
1020.9411602760621,1
1066.4146670511734,1
1249.856035890326,1
850.52592892391,1
1034.9488940420513,1
982.722608448382,1
1274.5637845809365,1
1193.59455755399,1
910.0385689330205,1
1023.3697085980054,1
1473.2601096684114,1
1286.0833023463533,1
957.5063895193359,1
943.0799625923627,1
970.5012310696168,1
1019.4334697515978,1
889.0719411096477,1
825.2023917851138,1
1296.8862725637146,1
803.7920031905504,1
1455.3220137974747,1
1008.1001495672854,1
1462.1525340501844,1
1353.0420680959871,1
1393.5389176538943,1
-39.2866672469313,0
-29.857511494602704,0
1190.9021389295938,1
865.6657058415035,1
847.367697843513,1
816.7425284295633,1
1134.6367117605766,1
907.6978311456746,1
1343.3361707130418,1
975.7113485493036,1
1224.248360335428,1
1304.9380454721872,1
1515.1654778677323,1
1299.022970315323,1
68.69431152462835,0
1058.030836613589,1
-163.08270227465005,0
1005.8195042360891,1
,0
973.3101372939403,1
928.366153844556,1
1214.860136851791,1
1152.4827928720363,1
1000.0179924179798,1
882.4970148389509,1
934.0751035246241,1
1055.2598710846373,1
1146.7558220311132,1
905.4712087918846,1
1638.4921754243287,1
1312.9353501135986,1
1297.8399965229985,1
965.1415118671296,1
1521.7635841746082,1
750.508604726613,1
803.0247750484624,1
1324.5877105310783,1
653.728480860797,0
1019.6869916435677,1
789.1255423043158,1
888.8244859969054,1
866.4636230305701,1
1097.8412796029622,1
853.4248805907994,1
1063.7562196382544,1
1217.0501594823959,1
771.6450319893272,1
1483.3053331219742,1
1129.6400238952272,1
932.9482277229047,1
917.5117286044288,1
1259.9998579869261,1
1146.3325135315995,1
1403.064489883892,1
1371.9505771860465,1
1014.4525796525705,1
806.2262014396686,1
823.4077217209164,1
1288.1647433810815,1
1052.5023566752095,1
1569.8256001107252,1
1069.2161703652796,1
1208.200584654982,1
981.9730170557538,1
1096.586458098796,1
928.6992395401728,1
1151.6847428648548,1
912.6316522174867,1
836.658562426351,1
1069.245908020646,1
1049.5794078177248,1
761.6973803947824,1
1304.8478091963705,1
1362.5850997665161,1
940.3541607117149,1
755.1319166389369,1
1208.836803336589,1
1113.449405122699,1
1097.0016617228473,1
874.4938881353199,1
1366.0126571543192,1
960.0877430710938,1
927.7583086005188,1
1465.1153602207937,1
954.9085024562719,1
809.507036306302,1
1103.541222012634,1
,0
1337.6638051611544,1
17.513294522433398,0
891.2769757973273,1
1078.908555031048,1
1049.9812151401925,1
1105.8532607524448,1
,0
-38.920770570519835,0
,0
1840.575024629131,1
1208.1309029121012,1
904.2037042923267,1
1418.2177938715477,1
825.2403048365135,1
940.5989414923014,1
1311.9431789310206,1
874.1140930080193,1
817.3060174404292,1
-5.41093985150701,0
1017.7003555690051,1
963.7455936430841,1
1169.5586889780857,1
971.3863518198986,1
1321.835627603667,1
790.3157828902041,1
959.6630586366914,1
1015.1183207764793,1
1175.4693461979573,1
48.531773472858504,0
944.4398919603684,1
895.9531254883684,1
1140.731282381136,1
913.434014194058,1
1202.3844741400592,1
1006.9040248772302,1
1324.8406877197194,1
1087.7381746672963,1
21.405624365102767,0
1276.0474335017557,1
1156.8235663888088,1
1125.3467171083794,1
803.8235509663408,1
1077.6152794443344,1
1174.2524096344896,1
935.5927098110305,1
1191.2393845643956,1
1030.919679473558,1
1185.705309571537,1
1069.908079083019,1
1085.0943451476055,1
1147.9077098360708,1
903.6382619147,1
1432.408016381952,1
947.579978388818,1
1061.4871204313974,1
1124.4689062783107,1
909.087495230787,1
1591.955934447485,1
29.67346196820131,0
1111.948888442184,1
1047.586165584065,1
1211.2808706116696,1
940.154405627379,1
782.5142732917618,1
915.7530273795919,1
1235.4355127355605,1
1247.3500222769746,1
1058.769135760432,1
1172.5297520590912,1
951.0076801146632,1
728.8423553836295,1
1119.954762570038,1
804.7747694671373,1
968.7562699741578,1
1534.419819074929,1
1021.125828245262,1
864.1276693348976,1
1045.1148589294585,1
1011.1646253727158,1
938.3809100709677,1
1044.4606331537893,1
43.08398295405914,0
1409.3037933840142,1
1241.8852445432758,1
18.97790071651093,0
888.1189388922731,1
-26.74495096686087,0
1276.8622067128779,1
1170.4050888041302,1
1265.8113276858408,1
888.779959005019,1
1133.8177727384434,1
1020.9266415577767,1
1128.1308054738247,1
978.1066595589053,1
1082.2837074197444,1
1054.437366544891,1
842.035678583509,1
1226.4615448132495,1
1243.2146112161913,1
974.9453415247415,1
1127.8672813510698,1
963.4732733484093,1
735.2412429340628,1
945.5933634670594,1
876.9095666680815,1
1076.6611440550098,1
1003.962801073355,1
1114.108324048114,1
,0
1121.3913504281393,1
836.907186755676,1
1045.3322876806512,1
1472.4484450149328,1
1321.3808580681166,1
879.6964937891862,1
1209.5617324858727,1
1322.8943144706197,1
674.9546285016534,0
877.1562082470803,1
975.2624541047866,1
758.0900511551586,1
1106.6513972509817,1
1077.8211052688582,1
1320.2036791046557,1
1049.7948716064452,1
727.6114595550723,1
817.1401628764487,1
1044.5218452932493,1
914.9810105662156,1
1007.9157162998315,1
1036.3596866864198,1
67.5966214953936,0
1027.4069975044915,1
1013.4584474889646,1
873.4204015699107,1
5.638324185378451,0
,0
1343.5805602019054,1
1335.7336466930533,1
837.7399455615332,1
1252.3839330393528,1
782.0474319194334,1
903.4495000932783,1
1079.3717985740143,1
1661.5974488341758,1
880.6060008628306,1
1006.4632341540898,1
1844.940109011845,1
1139.5047219964865,1
787.3807847562781,1
1088.7753790048994,1
757.152253965187,1
786.7151447501321,1
867.7637597221351,1
856.4655121465628,1
855.2026315710203,1
1123.213619116428,1
1364.0954514671535,1
925.1948952041581,1
921.1591370896042,1
1182.2998464626712,1
1048.519938924472,1
1324.6733070752787,1
903.3494261957514,1
1227.728088679692,1
1096.0277680562294,1
1212.3995463475328,1
996.5961018171383,1
1375.499573927088,1
1109.5837664851044,1
1475.1887707730498,1
1048.8694745150424,1
751.1109745868813,0
952.4677756582137,1
1409.5844917617217,1
693.2393537289183,1
868.0243255847544,1
953.2567254070458,1
1134.3805447762095,1
1784.2698144525361,1
975.0865791515854,1
1367.4163811534,1
928.0199735657694,1
898.7724035914466,1
1075.91942699588,1
932.8558440720943,1
1073.0978060852494,1
1370.549621241585,1
1075.549289624657,1
674.2210386096995,0
1374.8573333929871,1
868.697410882108,1
1290.4689925654777,1
939.405328224043,1
758.0557877996831,1
1070.1695838345802,1
935.2970754273235,1
-163.08270227465005,0
964.2043788970624,1
986.7495391264642,1
1126.3305159482786,1
1028.098077956659,1
1094.1258065226523,1
970.8947530881785,1
797.0315073169195,1
1361.086232362326,1
1082.492363047975,1
839.6805584528005,1
706.1773994451709,1
869.7242534415725,1
1013.311089641902,1
1162.9878301191802,1
1135.0621510829117,1
1067.2644404203063,1
967.452111416663,1
1303.4657423736069,1
880.509959438506,1
990.366911818929,1
1275.7337270444293,1
1327.7066853598055,1
1272.6023417423023,1
1013.3833905640141,1
1292.746488336743,1
1327.4030411814495,1
879.786962305379,1
-19.633953757886502,0
-163.08270227465005,0
1438.0453045313755,1
1463.5877965323812,1
1623.1425868781423,1
1036.2721681893088,1
749.0624569550569,1
922.7884432039692,1
1237.6904919970414,1
689.4186355994204,1
-32.51513995507321,0
-52.82138600748635,0
704.0136608263407,0
1196.1451796353485,1
1522.5765671329843,1
993.9205078987289,1
1118.2359329505548,1
983.5429435623954,1
1524.686366079097,1
701.4565295584741,1
1018.0510894831791,1
994.8543486012817,1
992.1348687375207,1
915.0024252500432,1
1214.1628637673357,1
1382.8785511922592,1
851.3742854581028,1
1100.7313482046502,1
1046.7579768716405,1
932.2894666078507,1
1251.8002714047097,1
841.588530084571,1
1028.2016546075024,1
1149.3877869490566,1
844.3511641742352,1
772.8144421420122,1
1118.300903273509,1
1025.4698778772342,1
852.7272504725561,1
897.3430091097784,1
734.236559332071,1
860.961516443638,1
1129.6129919989999,1
1188.118097112656,1
1396.3373692598202,1
1310.793714740147,1
892.637364223614,1
793.0291749170699,1
1473.1236009828426,1
849.0878532775782,1
1169.5998786782618,1
1096.8942400988933,1
-23.237628225168237,0
1274.6169575190142,1
975.5517226646257,1
754.4273497830335,1
1326.3852928719089,1
799.2160425304653,1
1167.7163790710747,1
1071.5488909816513,1
1033.4107719192918,1
1044.7758511470965,1
1223.2676417764792,1
1098.653735426128,1
833.8243142703518,1
1199.6232526461997,1
1061.4274237642562,1
730.7946148638525,1
1158.7540445458712,1
1349.7245706736703,1
1048.040823293211,1
1025.8096552383818,1
579.6271800342803,0
1214.8237347320805,1
972.7665949480954,1
861.2251682945863,1
1472.857249930094,1
1129.8046113552155,1
1275.9025517318146,1
1226.4841188010507,1
1351.611977572682,1
841.2533855350162,1
-25.571438926414203,0
42.82277382639836,0
846.5417526284598,1
1203.5562896688646,1
1058.1307898472105,1
1557.7333559418319,1
1154.3337893366738,1
1071.83057338524,1
1297.7527730519917,1
974.5310645477667,1
1186.6655045377759,1
1197.24022054415,1
818.5219105283477,1
1002.4154559206146,1
1163.36876778477,1
898.4648333487356,1
1194.787535267945,1
1116.6532790644494,1
1234.8192202174223,1
869.7545692905817,1
-163.08270227465005,0
1107.249460451263,1
1295.4074304287465,1
898.5299001375131,1
,0
1038.0476725442738,1
882.0919263797815,1
780.6598687422482,1
837.5407776995629,1
1379.0449311678065,1
1024.2802349898886,1
921.2201666656681,1
1069.8282869858108,1
1280.6206567874117,1
145.977170838313,0
1286.6207820914276,1
738.321792315415,1
49.22840444184476,0
1000.0958817094906,1
1210.0261376971916,1
1059.698677626323,1
1049.0673866873494,1
892.2420576219224,1
759.2859874995715,1
915.4289398390467,1
1062.9478825077404,1
1048.1050458237512,1
986.989059421432,1
1305.0933411873607,1
1248.6840194317185,1
1072.2312529585765,1
1058.4713086427366,1
1188.2511883940629,1
998.1825920742051,1
702.4279663342038,1
1280.2017295421629,1
1019.3769742889574,1
938.9584341814661,1
883.0922240898175,1
899.8607866214211,1
686.8444320579681,1
1299.2261371147026,1
1118.96479245738,1
1201.5561743791297,1
1142.0747471121317,1
1159.4878283103408,1
982.1307437364746,1
812.7701048796412,1
1009.8457637461355,1
1340.5007929254566,1
975.3991486772708,1
983.3180467539992,1
1100.1767887652852,1
1169.3322124541587,1
755.47374395422,1
1028.6032930495865,1
1007.1555845034504,1
709.4771122167886,1
903.5615842903348,1
851.2384939350715,1
1161.2014195549998,1
944.313079313074,1
1156.323772755797,1
1070.0678281317523,1
873.4026830480718,1
843.3194146904086,1
,0
709.5147466292344,1
1161.6609312143285,1
1086.271593490079,1
1161.8589935285604,1
1179.9532791589884,1
1679.1898404222907,1
953.3872025010533,1
982.6176517086084,1
820.9350910891014,1
1121.1536945255248,1
887.637553515242,1
985.3183299848339,1
912.5522048573334,1
1021.1642065009825,1
-42.14045742525559,0
903.6262579414254,1
1090.3367261715218,1
849.8683386608989,1
1017.7184398534993,1
836.7967801785815,1
1165.9323745035183,1
1054.4538233132446,1
1274.0481831060524,1
1244.9003721353556,1
1205.7425914535252,1
1098.3335323868205,1
727.105785525742,1
780.5922141536232,1
1478.4177040718016,1
79.34149701283354,0
-42.03333109826167,0
987.7934233361126,1
1118.6339758710053,1
534.6203984349872,0
1229.9273737217816,1
1144.753366484004,1
968.9388704576247,1
1274.4178582824782,1
1597.3726183190843,1
971.2246779448046,1
768.9238733050049,1
997.8304555321156,1
842.8769292010614,1
914.3340870113817,1
1005.7643352188798,1
852.0081532579352,1
1320.1745336050396,1
1076.7087312828394,1
1041.2789965624509,1
656.1582905022567,1
1112.753886239213,1
984.1709651475221,1
821.5523850211837,1
694.15331892986,1
919.480213463944,1
967.014122602813,1
1056.1209231193181,1
762.1940261996883,1
1179.3990374121213,1
1238.5850306164841,1
993.019533847347,1
1006.559769737793,1
929.3212547749804,1
909.9156211311565,1
1302.2487668322337,1
1062.9364159055485,1
1295.2058565530162,1
922.2745537114298,1
882.6981359510286,1
932.9052642421161,1
-5.65995508795163,0
1047.1673129877029,1
1161.4283501696277,1
1023.23331535883,1
745.6619572260462,1
948.2269641305105,1
1144.951081434649,1
1125.4649195024526,1
1233.8664802498813,1
-163.08270227465005,0
1185.0543328852991,1
840.9858573784511,1
741.4044826309479,1
822.7814213464981,1
1143.6061304763293,1
782.1318860147894,1
792.8372494042774,1
1087.5708252410036,1
969.3966552429727,1
739.863841828578,1
801.998081418579,1
914.0653739049546,1
1043.6878581146243,1
800.4751390166093,1
1543.946975875931,1
1496.178553093458,1
1119.357811915975,1
967.9612155792997,1
1230.492467942666,1
1322.5441123249145,1
1086.954961316521,1
1119.9227602194298,1
34.5108183292507,0
1112.1342297341448,1
738.9034040827946,1
1027.25951594267,1
801.7545457973697,1
1388.163652374287,1
953.050376174446,1
1107.785847986836,1
1124.5613250093315,1
899.792530723968,1
960.4076072992551,1
1335.4587622883344,1
978.4462259084619,1
1011.4631967224212,1
1284.6252608488421,1
1153.07897610096,1
1019.3350520592261,1
1067.245389679648,1
973.3589856530582,1
898.3330364023868,1
1154.1006923680684,1
1024.0145618152078,1
784.2615305059468,1
1233.760038700882,1
1031.6853637080103,1
1474.1012695896522,1
1171.2994603639156,1
1449.4775791321856,1
640.9470737132401,1
1219.0401286769388,1
1049.434401864863,1
950.5133406102118,1
1009.2321434423867,1
880.1208137199321,1
1166.9386914174984,1
873.8143960460543,1
811.5951267231521,1
897.5349380579278,1
1098.1045327088036,1
